{"cameraMode":{"drawMode":0,"name":"Shaded","section":"Shading Mode"},"sceneLighting":false,"audioPlay":false,"sceneViewState":{"m_AlwaysRefresh":false,"showFog":true,"showSkybox":false,"showFlares":true,"showImageEffects":true,"showParticleSystems":true,"showVisualEffectGraphs":true,"m_FxEnabled":true},"in2DMode":false,"pivot":{"x":0.3249950408935547,"y":-10.669034004211426,"z":99.53190612792969},"rotation":{"x":0.23503237962722779,"y":-0.024778669700026513,"z":0.006002372596412897,"w":0.9717448353767395},"size":20.925010681152345,"orthographic":false}